{
  "name": "Lista de Clientes",
  "id": 0,
  "items": [
    {
	  "type": "cliente",
      "name": "Alfonso",
      "id": 1,
      "items": [		  
			{
		      "type": "cuenta",
			  "name": "Cheques",
		      "id": 1000,
			  "fecha": "2019-06-14",
			  "items": [
				{
		      	  "type": "cheque",
				  "name": "ChequesX",
				  "id": 1,
				  "saldo": 1000.0,
				  "estado": "devuelto"		  
				}
			  ]
			},
			{
		      "type": "cuenta",
			  "name": "Credito",
		      "id": 1001,
			  "fecha": "2019-06-14",
			  "items": [
				{
		      	  "type": "cheque",
				  "name": "TarjetaY",
				  "id": 4,
				  "saldo": 1000.0,
				  "estado": "sin registro"
				}
			  ]
			}
      ]
    },
    {
	  "type": "cliente",
      "name": "Alfredo",
      "id": 2,
      "items": [		  
			{
			  "type": "cuenta",
			  "name": "Cheques",
		      "id": 1000,
			  "fecha": "2019-06-14",
			  "items": [
				{
		      	  "type": "cheque",
				  "name": "ChequesZ",
				  "saldo": 1000.0,
				  "id": 1,
				  "estado": "sin registro"
				},
				{
		      	  "type": "cheque",
				  "name": "ChequesW",
				  "saldo": 1000.0,
				  "id": 2,
				  "estado": "sin registro"
				},
				{
		      	  "type": "cheque",
				  "name": "ChequesV",
				  "saldo": 1000.0,
				  "id": 3,
				  "estado": "sin registro"
				}
			  ]
			},
			{
			  "type": "cuenta",
			  "name": "Credito",
		      "id": 1001,
			  "fecha": "2019-06-14",
			  "items": [
				{
		      	  "type": "cheque",
				  "name": "Tarjeta",
				  "id": 4,
				  "saldo": 1000.0,
				  "estado": "sin registro"
				},
				{
		      	  "type": "cheque",
				  "name": "Hipoteca",
				  "id": 2,
				  "saldo": 1000.0,
				  "estado": "sin registro"
				}
			  ]
			}
      ]
    }
  ]
}
